{"properties": [
  {
    "name": "secret",
    "type": "java.lang.String",
    "description": "Description for secret."
  },
  {
    "name": "jwt",
    "type": "java.lang.String",
    "description": "Description for jwt."
  },
  {
    "name": "jwt.secret",
    "type": "java.lang.String",
    "description": "Description for jwt.secret."
  },
  {
    "name": "springdoc.swagger-ui.disable-swagger-default-url",
    "type": "java.lang.String",
    "description": "Description for springdoc.swagger-ui.disable-swagger-default-url."
  },
  {
    "name": "cloudinary.api-key",
    "type": "java.lang.String",
    "description": "A description for 'cloudinary.api-key'"
  },
  {
    "name": "cloudinary.api-secret",
    "type": "java.lang.String",
    "description": "A description for 'cloudinary.api-secret'"
  },
  {
    "name": "cloudinary.cloud-name",
    "type": "java.lang.String",
    "description": "A description for 'cloudinary.cloud-name'"
  }
]}